-- ACCOUNT INSERT
INSERT INTO ACCOUNT(accountName, accountEmail, accountUsername, accountPassword, accountRole) VALUES
(N'Nguyễn Thị Thu Hà', 'hantt@ltt.edu.vn', 'hantt', 'Ltt@12345', 'teacher'),
(N'Nguyễn Hải Nam', 'namnh@ltt.edu.vn', 'namnh', 'Ltt@12345', 'teacher'),
(N'Nguyễn Thị Thuý', 'thuynt@ltt.edu.vn', 'thuynt', 'Ltt@12345', 'teacher'),

(N'Nguyễn Thành An', 'annt@ltt.edu.vn', 'annt', 'Ltt@12345', 'student'),
(N'Ngô Thị Tú Anh', 'anhntt@ltt.edu.vn', 'anhntt', 'Ltt@12345', 'student'),
(N'Nguyễn Vũ Phương Anh', 'anhnvp@ltt.edu.vn', 'anhnvp', 'Ltt@12345', 'student'),
(N'Ngô Văn Công', 'congnv@ltt.edu.vn', 'congnv', 'Ltt@12345', 'student'),
(N'Nguyễn Văn Như Cương', 'cuongnvn@ltt.edu.vn', 'cuongnvn', 'Ltt@12345', 'student'),
(N'Nguyễn Đình Dương', 'duongnd@ltt.edu.vn', 'duongnd', 'Ltt@12345', 'student'),
(N'Trần Tuấn Đạt', 'dattt@ltt.edu.vn', 'dattt', 'Ltt@12345', 'student'),
(N'Phạm Đăng Đăng', 'dangpd@ltt.edu.vn', 'dangpd', 'Ltt@12345', 'student'),
(N'Trần Hải Đăng', 'dangth@ltt.edu.vn', 'dangth', 'Ltt@12345', 'student'),
(N'Lê Việt Đức', 'duclv@ltt.edu.vn', 'duclv', 'Ltt@12345', 'student'),
(N'Nguyễn Quang Đức', 'ducnq@ltt.edu.vn', 'ducnq', 'Ltt@12345', 'student'),
(N'Nguyễn Thị Thu Hà', 'hantt2@ltt.edu.vn', 'hantt2', 'Ltt@12345', 'student'),
(N'Nguyễn Vân Hà', 'hanv@ltt.edu.vn', 'hanv', 'Ltt@12345', 'student'),
(N'Hoàng Bích Hậu', 'hauhb@ltt.edu.vn', 'hauhb', 'Ltt@12345', 'student'),
(N'Nguyễn Đức Hùng', 'hungnd@ltt.edu.vn', 'hungnd', 'Ltt@12345', 'student'),
(N'Chu Việt Hoàng', 'hoangcv@ltt.edu.vn', 'hoangcv', 'Ltt@12345', 'student'),
(N'Nguyễn Thọ Hoàng', 'hoangnt@ltt.edu.vn', 'hoangnt', 'Ltt@12345', 'student'),
(N'Trần Quang Huy', 'huytq@ltt.edu.vn', 'huytq', 'Ltt@12345', 'student'),
(N'Đàm Khánh Huyền', 'huyendk@ltt.edu.vn', 'huyendk', 'Ltt@12345', 'student'),
(N'Đàm Thanh Huyền', 'huyendt@ltt.edu.vn', 'huyendt', 'Ltt@12345', 'student'),
(N'Ngô Ngọc Huyền', 'huyennn@ltt.edu.vn', 'huyennn', 'Ltt@12345', 'student'),
(N'Đàm Lê Khánh Linh', 'linhdlk@ltt.edu.vn', 'linhdlk', 'Ltt@12345', 'student'),
(N'Nguyễn Hà Bảo Linh', 'linhnhb@ltt.edu.vn', 'linhnhb', 'Ltt@12345', 'student'),
(N'Nguyễn Nguyệt Linh', 'linhnn@ltt.edu.vn', 'linhnn', 'Ltt@12345', 'student'),
(N'Nguyễn Thị Thùy Linh', 'linhntt@ltt.edu.vn', 'linhntt', 'Ltt@12345', 'student'),
(N'Trần Khánh Linh', 'linhtk@ltt.edu.vn', 'linhtk', 'Ltt@12345', 'student'),
(N'Nguyễn Đức Long', 'longnd@ltt.edu.vn', 'longnd', 'Ltt@12345', 'student'),
(N'Nguyễn Tiến Tuấn Minh', 'minhntt@ltt.edu.vn', 'minhntt', 'Ltt@12345', 'student'),
(N'Thái Phương Nam', 'namtp@ltt.edu.vn', 'namtp', 'Ltt@12345', 'student'),
(N'Trần Văn Thành Nam', 'namtvt@ltt.edu.vn', 'namtvt', 'Ltt@12345', 'student'),
(N'Nghiêm Minh Ngọc', 'ngocnm@ltt.edu.vn', 'ngocnm', 'Ltt@12345', 'student'),
(N'Ngô Thị Hồng Ngọc', 'ngocnth@ltt.edu.vn', 'ngocnth', 'Ltt@12345', 'student'),
(N'Trần Bình Nguyên', 'nguyentb@ltt.edu.vn', 'nguyentb', 'Ltt@12345', 'student'),
(N'Nguyễn Kim Phong', 'phongnk@ltt.edu.vn', 'phongnk', 'Ltt@12345', 'student'),
(N'Nguyễn Thạc Quyết', 'quyetnt@ltt.edu.vn', 'quyetnt', 'Ltt@12345', 'student'),
(N'Ngô Thị Tú Anh', 'anhntt2@ltt.edu.vn', 'anhntt2', 'Ltt@12345', 'student'),
(N'Nguyễn Tiến Quyết', 'quyetnt2@ltt.edu.vn', 'quyetnt2', 'Ltt@12345', 'student'),
(N'Vũ Phương Quỳnh', 'quynhvp@ltt.edu.vn', 'quynhvp', 'Ltt@12345', 'student'),
(N'Nguyễn Trọng Sơn', 'sonnt@ltt.edu.vn', 'sonnt', 'Ltt@12345', 'student'),
(N'Trần Thanh Thảo', 'thaott@ltt.edu.vn', 'thaott', 'Ltt@12345', 'student'),
(N'Nguyễn Văn Thực', 'thucnv@ltt.edu.vn', 'thucnv', 'Ltt@12345', 'student'),
(N'Nguyễn Thế Trường', 'truongnt@ltt.edu.vn', 'truongnt', 'Ltt@12345', 'student'),
(N'Ngô Minh Tú', 'tunm@ltt.edu.vn', 'tunm', 'Ltt@12345', 'student'),
(N'Quách Anh Tú', 'tuqa@ltt.edu.vn', 'tuqa', 'Ltt@12345', 'student'),
(N'Vũ Kim Tú', 'tuvk@ltt.edu.vn', 'tuvk', 'Ltt@12345', 'student'),
(N'Nguyễn Thảo Vân', 'vannt@ltt.edu.vn', 'vannt', 'Ltt@12345', 'student'),
(N'Nguyễn Nam Vũ', 'vunn@ltt.edu.vn', 'vunn', 'Ltt@12345', 'student');

-- INSERT SUBJECT
INSERT INTO SUBJECT (subjectName)
VALUES
(N'Lịch sử 12'),
(N'Giáo dục công dân 12');

-- MAP ACCOUNTS TO ROLES
INSERT INTO TEACHER (accountID)
SELECT accountID
FROM ACCOUNT
WHERE accountRole = 'teacher';

INSERT INTO STUDENT (accountID) 
SELECT accountID
FROM ACCOUNT
WHERE accountRole = 'student';

-- INSERT QUESTION
INSERT INTO QUESTION (subjectID, questionDesc, questionDiff, questionType) VALUES
(1, N'Sau chiến tranh thế giới thứ hai Mĩ thực hiện chính sách đối ngoại như thế nào?', 'easy','practice'),
(1, N'Bản chỉ thị “Nhật- Pháp bắn nhau và hành động của chúng ta” đã xác định kẻ thù chính của nhân dân Việt Nam là', 'easy', 'practice'), 
(1, N'Mục tiêu tấn công đầu tiên của thực dân Pháp trong cuộc chiến tranh xâm lược Việt Nam là', 'easy','practice'),
(1, N'Mở đầu phong trào giải phóng dân tộc ở châu Phi sau Chiến tranh thế giới thứ hai là cuộc đấu tranh của nhân dân', 'easy', 'practice'), -- 4
(1, N'Năm 1929, trong nội bộ Hội Việt Nam Cách mạng Thanh niên đã có sự phân hóa thành các tổ chức cộng sản nào?', 'easy','practice'), -- 5
(1, N'Sự kiện mở đầu kỉ nguyên chinh phục vũ trụ của loài người là', 'easy', 'practice'), -- 6
(1, N'Để củng cố chính quyền dân chủ nhân dân, ngay sau Cách mạng tháng Tám năm 1945, Đảng, Chính phủ và Chủ tịch Hồ Chí Minh đã', 'easy','practice'), -- 7
(1, N'Ba “con rồng” kinh tế châu Á thuộc Đông Bắc Á là', 'easy', 'practice'), -- 8
(1, N'Hiến chương Liên hợp quốc được thông qua tại Hội nghị nào?', 'easy','practice'), -- 9
(1, N'Năm 1912, Phan Bội Châu thành lập tổ chức yêu nước nào sau đây?', 'easy', 'practice'), -- 10
(1, N'“Chúng ta thà hi sinh tất cả, chứ nhất định không chịu mất nước, nhất định không chịu làm nô lệ!” là khẩu hiệu được Hồ Chí Minh nêu trong văn kiện lịch sử nào?', 'easy','practice'), -- 11
(1, N'Quốc gia nào sau đây gia nhập vào Hiệp hội các quốc gia Đông Nam Á (ASEAN) vào năm 1995?', 'easy', 'practice'), -- 12
(1, N'Phong trào nào có ý nghĩa là cuộc tập dượt đầu tiên của Đảng Cộng sản và quần chúng cho Tổng khởi nghĩa tháng Tám sau này?', 'easy','practice'), -- 13
(1, N'Sự kiện khởi đầu cuộc Chiến tranh lạnh là', 'easy', 'practice'), -- 14
(1, N'Nhiệm vụ trực tiếp, trước mắt của cách mạng nước ta trong giai đoạn 1936 – 1939 được Đảng Cộng sản Đông Dương xác định với mục tiêu đấu tranh là', 'easy','practice'), -- 15
(1, N'Cuộc khai thác thuộc địa lần thứ hai (1919-1929) của thực dân Pháp ở Đông Dương được diễn ra trong hoàn cảnh nào?', 'easy', 'practice'), -- 16
(1, N'Tây Âu đã trở thành một trong ba trung tâm kinh tế - tài chính lớn của thế giới từ khi nào?', 'easy','practice'), -- 17
(1, N'Mặt trận thống nhất dân tộc đầu tiên của riêng Việt Nam là', 'easy', 'practice'), -- 18
(1, N'Những giai cấp nào trong xã hội Việt Nam bị phân hóa trong cuộc khai thác thuộc địa lần thứ hai của thực dân Pháp?', 'easy','practice'), -- 19
(1, N'Mâu thuẫn giữa toàn thể dân tộc Việt Nam với thực dân Pháp và tay sai sau Chiến tranh thế giới thứ nhất thuộc loại mâu thuẫn gì?', 'easy', 'practice'), -- 20
(1, N'Quốc gia mở đầu kỉ nguyên chinh phục vũ trụ của loài người là', 'easy','practice'), -- 21
(1, N'Định ước Henxinki (1975) được kí kết giữa 33 nước châu Âu, Mĩ, Canada nhằm', 'easy', 'practice'), -- 22
(1, N'Tổ chức liên kết kinh tế - chính trị lớn nhất hành tinh được thành lập sau Chiến tranh thế giới thứ 2 là', 'easy','practice'), -- 23
(1, N'Từ nửa sau những năm 70 của thế kỷ XX, Nhật Bản đưa ra chính sách đối ngoại mới chủ yếu là do', 'easy', 'practice'), -- 24
(1, N'Trong quá trình hoạt động cứu nước những năm 1904 - 1908, Phan Bội Châu mong muốn nhờ cậy sự giúp đỡ của quốc gia nào?', 'easy','practice'), -- 25 -- 2.30
(1, N'Kinh tế Mỹ từ sau Chiến tranh thế giới thứ hai đến năm 1973 có đặc điểm là', 'easy', 'practice'), -- 26
(1, N'Chiến tranh lạnh chấm dứt (1989) đã tác động như thế nào đến tình hình thế giới?', 'easy','practice'), -- 27
(1, N'Sự lớn mạnh và vươn lên của các cường quốc như Mĩ, Nhật Bản, Liên bang Nga, Trung Quốc từ sau Chiến tranh lạnh là minh chứng cho xu thế', 'easy', 'practice'), -- 28
(1, N'Quốc gia nào được mệnh danh là “Lá cờ đầu trong phong trào giải phóng dân tộc ở Mĩ Latinh” sau chiến tranh thế giới thứ 2?', 'easy','practice'),  -- 29 -- 2.32
(1, N'Trong những năm 60 đến đầu 70 của thế kỉ XX, sự tăng trưởng kinh tế của Nhật Bản được coi là hiện tượng “thần kì” vì', 'easy', 'practice'), -- 30
(1, N'Ba trung tâm kinh tế - tài chính lớn của thế giới hình thành vào thập niên 70 của thế kỉ XX là', 'easy','practice'), -- 31 2.33
(1, N'Năm 1949, diễn ra sự kiện quan trọng nào ở Liên Xô?', 'easy', 'practice'), -- 32 2.35
(1, N'Sự tan rã của chế độ xã hội chủ nghĩa ở Liên Xô và các nước Đông Âu tác động như thế nào đến quan hệ quốc tế?', 'easy','practice'), -- 33 2.38
(1, N'Sau Chiến tranh thế giới thứ hai, bản đồ chính trị thế giới có những thay đổi to lớn và sâu sắc, chủ yếu do tác động của yếu tố nào?', 'easy', 'practice'), -- 34 2.23
(1, N'Cơ quan giữ vai trò trọng yếu của tổ chức Liên hợp quốc trong việc giữ gìn hòa bình và an ninh thế giới là', 'easy','practice'), -- 35
(1, N'Cuộc chiến tranh lạnh kết thúc đánh dấu bằng sự kiện nào?', 'easy', 'practice'), -- 36 2.22
(1, N'Một trong những mục tiêu quan trọng của tổ chức ASEAN (1967) là', 'easy','practice'), -- 37
(1, N'Tính chất của phong trào Cần Vương (1885 - 1896) ở Việt Nam là', 'easy', 'practice'), -- 38
(1, N'Sự kiện nào sau đây đánh dấu sự sụp đổ cơ bản của chủ nghĩa thực dân cũ ở châu Phi?', 'easy','practice'), -- 39 2.24
(1, N'Hội nghị Ianta diễn ra trong hoàn cảnh nào?', 'easy', 'practice'), -- 40
(1, N'Mốc đánh dấu khởi đầu quá trình chống chủ nghĩa thực dân của dân tộc Việt Nam là sự kiện nào sau đây?', 'easy','practice'), -- 41 2.27
(1, N'Nguyên nhân chủ yếu dẫn đến nền kinh tế các nước tư bản có sự tăng trưởng khá liên tục sau chiến tranh thế giới thứ 2 là', 'easy', 'practice'),  -- 42
(1, N'Yếu tố nào dưới đây đã làm thay đổi sâu sắc “bản đồ chính trị thế giới” sau Chiến tranh thế giới thứ hai?', 'easy','practice'), -- 43
(1, N'Theo quyết định của Hội nghị Ianta, quốc gia nào sau đây cần trở thành quốc gia thống nhất và dân chủ?', 'easy', 'practice'), -- 44
(1, N'Mục tiêu Nhật Bản muốn vươn lên từ đầu những năm 90 của thế kỉ XX là gì?', 'easy','practice'), -- 45
(1, N'Từ năm 1970 đến năm 1975, nhân dân Campuchia tiến hành', 'easy', 'practice'), -- 46
(1, N'Trong lĩnh vực khoa học – kĩ thuật và công nghệ Nhật Bản chủ yếu tập trung vào lĩnh vực', 'easy','practice'), -- 47
(1, N'Đâu là nguyên nhân chủ quan buộc Mĩ và Liên Xô chấm dứt chiến tranh lạnh?', 'easy', 'practice'), -- 48
(1, N'Cuộc Cách mạng tháng Mười Nga (1917) mang tính chất của một cuộc cách mạng', 'easy','practice'), -- 49
(1, N'Đến nửa đầu những năm 70 của thế kỉ XX, quốc gia nào sau đây trở thành cường quốc công nghiệp đứng thứ hai thế giới?', 'easy', 'practice'), -- 50
(1, N'Sự kiện nào đánh dấu tổ chức ASEAN có sự chuyển biến từ một liên minh chính trị thành một liên minh chính trị - kinh tế của khu vực Đông Nam Á?', 'easy','practice'), -- 51
(1, N'Phe “Trục” được hình thành trong những năm 30 của thế kỉ XX thực chất là', 'easy', 'practice'), -- 52
(1, N'Nội dung nào sau đây là một trong những lí do Mĩ thực hiện “Kế hoạch Mácsan” (6-1947)?', 'easy','practice'), -- 53
(1, N'Quốc gia nào đi đầu trong lĩnh vực công nghiệp điện hạt nhân?', 'easy', 'practice'), -- 54
(1, N'Nội dung nào sau đây là một trong những tác động của việc chấm dứt Chiến tranh lạnh?', 'easy','practice'), -- 55
(1, N'Sự kiện khởi đầu Chiến tranh thế giới thứ hai (1939 – 1945) là', 'easy', 'practice'), -- 56
(1, N'Từ đầu những năm 70 trở đi, quốc gia nào trở thành một trong ba trung tâm kinh tế - tài chính lớn của thế giới?', 'easy','practice'), -- 57
(1, N'Vì sao sau khi trật tự hai cực Ianta bị sụp đổ, Mĩ không dễ dàng thiết lập trật tự thế giới “đơn cực”?', 'easy', 'practice'),-- 58
(1, N'Chính sách đối ngoại của Liên bang Nga từ năm 1991 đến năm 2000 là ngả về phương Tây, khôi phục và phát triển quan hệ với các nước ở', 'easy','practice'), -- 59
(1, N'Sau 20 năm cải cách, mở cửa (1979-1999) nền kinh tế Trung Quốc như thế nào?', 'easy', 'practice'), -- 60
(1, N'Để thực hiện kế hoạch Bôlae (1947), thực dân Pháp đã tiến hành hoạt động nào sau đây ở Việt Nam?', 'medium', 'practice'),
(1, N'Nội dung nào sau đây là nguyên nhân thúc đẩy phong trào giải phóng dân tộc ở châu Á phát triển mạnh ngay sau chiến tranh thế giới thứ hai?', 'medium', 'practice'),
(1, N'Nội dung nào sau đây là biện pháp của Chính phủ nước Việt Nam Dân chủ Cộng hòa nhằm khắc phục tình trạng khó khăn về tài chính sau Cách mạng tháng Tám (1945)?', 'medium', 'practice'),
(1, N'Hoạt động nào sau đây được tiến hành trong phong trào cách mạng 1930-1931 ở Việt Nam?', 'medium', 'practice'),
(1, N'Nội dung nào sau đây là vai trò của Nhà nước được thể hiện trong Chính sách kinh tế mới (NEP) của nước Nga (1921-1925)?', 'medium', 'practice'),
(1, N'Trong cuộc kháng chiến chống thực dân Pháp (1945-1954), chiến dịch nào sau đây là trận tiến công qui mô lớn đầu tiên của bộ đội chủ lực Việt Nam?', 'medium', 'practice'),
(1, N'Quốc gia nào sau đây là lực lượng phát xít bại trận trong Chiến tranh thế giới thứ hai (1939-1945)?', 'medium', 'practice'),
(1, N'Nội dung nào sau đây là đặc điểm của phong trào giải phóng dân tộc ở Á, Phi, Mĩ Latinh sau Chiến tranh thế giới thứ hai?', 'medium', 'practice'),
(1, N'Ở Việt Nam, phong trào dân chủ (1936-1939) không sử dụng hình thức đấu tranh nào sau đây?', 'medium', 'practice'),
(1, N'Nội dung nào sau đây phản ánh đúng vai trò của Hội Việt Nam Cách mạng Thanh niên với cách mạng Việt Nam trong những năm 1925-1930?', 'medium', 'practice'),
(1, N'Trong thời kì 1954-1975, trận đánh nào sau đây của quân dân Việt Nam được giới chức Mĩ đánh giá là “thất bại nhục nhã nhất trong lịch sử không quân Hoa Kỳ”?', 'medium', 'practice'),
(1, N'Ngay sau Chiến tranh thế giới thứ hai, các nước Tây Âu thực hiện chính sách đối ngoại liên minh chặt chẽ với Mĩ chủ yếu nhằm để', 'medium', 'practice'),
(1, N'Nội dung nào sau đây là một trong những khó khăn của nước Việt Nam Dân chủ Cộng hòa ngay sau Cách mạng tháng Tám năm 1945?', 'medium', 'practice'),
(1, N'Luận cương chính trị (tháng 10-1930) của Đảng Cộng sản Đông Dương có chủ trương nào sau đây?', 'medium', 'practice'),
(1, N'Nội dung nào sau đây phản ánh đúng về Chính sách kinh tế mới (NEP) ở nước Nga?', 'medium', 'practice'),
(1, N'Trong những năm 1951-1953, Việt Nam đã giành được thắng lợi chính trị nào sau đây?', 'medium', 'practice'),
(1, N'Trong những năm 30 của thế kỉ XX, chính phủ nước nào sau đây không thực hiện chính sách nhượng bộ phát xít?', 'medium', 'practice'),
(1, N'Từ những năm 50 của thế kỉ XX, Ấn Độ có những thay đổi là do nguyên nhân nào dưới đây?', 'medium', 'practice'),
(1, N'Trong những năm 1936-1939, nhân tố khách quan nào sau đây tác động đến chủ trương của Đảng Cộng sản Đông Dương?', 'medium', 'practice'),
(1, N'Trong những năm 1926-1929, nhiều cuộc đấu tranh của công nhân Việt Nam bùng nổ là do nguyên nhân nào sau đây?', 'medium', 'practice'),
(1, N'Hội nghị lần thứ 21 Ban Chấp hành Trung ương Đảng Lao động Việt Nam tháng 7-1973 đã', 'medium', 'practice'),
(1, N'Nội dung nào sau đây là nhân tố ảnh hưởng đến chính sách đối ngoại của các nước Tây Âu những năm 1991-2000?', 'medium', 'practice'),
(1, N'Luận cương chính trị (tháng 10-1930) của Đảng Cộng sản Đông Dương xác định một trong những nhiệm vụ của cách mạng là chống', 'medium', 'practice'),
(1, N'Nội dung nào sau đây phản ánh đúng về Chính sách kinh tế mới (NEP) ở nước Nga?', 'medium', 'practice'),
(1, N'Trong cuộc kháng chiến chống thực dân Pháp (1945-1954) của nhân dân Việt Nam, thắng lợi nào sau đây làm phá sản hoàn toàn âm mưu đánh nhanh thắng nhanh của thực dân Pháp?', 'medium', 'practice'),
(1, N'Trong những năm 1939-1945, cuộc tấn công của quốc gia nào sau đây dẫn tới sự sụp đổ của phát xít Nhật?', 'medium', 'practice'),
(1, N'Sau Chiến tranh thế giới thứ hai, khu vực Đông Nam Á có những thay đổi to lớn là do nguyên nhân nào dưới đây?', 'medium', 'practice'),
(1, N'Trong những năm 1936-1939, nhân tố khách quan nào sau đây tác động đến chủ trương của Đảng Cộng sản Đông Dương?', 'medium', 'practice'),
(1, N'Trong những năm 1926-1929, phong trào công nhân Việt Nam phát triển là do nguyên nhân nào sau đây?', 'medium', 'practice'),
(1, N'Đại hội đại biểu lần thứ II (2-1951) của Đảng Cộng sản Đông Dương có điểm tương đồng nào sau đây so với Đại hội đại biểu lần thứ III (9-1960) của Đảng Lao động Việt Nam?', 'hard', 'practice'),
(1, N'Trong cuộc chiến tranh xâm lược Đông Dương của thực dân Pháp (1945-1954), kế hoạch Đờ Lát đơ Tátxinhi có điểm khác biệt nào sau đây so với kế hoạch Bôlae?', 'hard', 'practice'),
(1, N'Cách mạng tháng Tám (1945) ở Việt Nam có điểm tương đồng nào sau đây so với Cách mạng tháng Một (1950) ở Ấn Độ?', 'hard', 'practice'),
(1, N'Nội dung nào sau đây là điểm tương đồng giữa chiến lược "Việt Nam hoá chiến tranh" (1969-1973) với chiến lược "Chiến tranh đặc biệt" (1961-1965) của Mĩ ở miền Nam Việt Nam?', 'hard', 'practice'),
(1, N'Nhận xét nào sau đây là đúng về phong trào dân tộc, dân chủ ở Việt Nam trong những năm 20 của thế kỉ XX?', 'hard', 'practice'),
(1, N'Ở Việt Nam, chiến dịch Điện Biên Phủ năm 1954 có điểm khác biệt nào sau đây so với chiến dịch Biên giới thu – đông năm 1950?', 'hard', 'practice'),
(1, N'Trong giai đoạn 1954 – 1975, các mạng miền Nam Việt Nam có vai trò như thế nào trong việc đánh đổ ách thống trị của đế quốc Mĩ và tay sai giải phóng miền Nam thống nhất đất nước?', 'hard', 'practice'),
(1, N'Nguyên nhân chủ yếu dẫn đến sự thất bại phong trào Cần vương của nhân dân Việt Nam trong những năm cuối thế kỉ XIX là gì?', 'hard', 'practice'),
(1, N'Chiến thắng nào của quân dân ta ở miền Nam đã mở đầu cho cao trào “Tìm Mĩ mà đánh, lùng nguỵ mà diệt” trên khắp miền Nam?', 'hard', 'practice'),
(1, N'Sự kiện nào là tín hiệu tiến công của quân ta mở đầu cho cuộc kháng chiến toàn quốc chống thực dân Pháp (1946 – 1954)?', 'hard', 'practice'),

(1, N'Đầu thế kỉ XX, Phan Bội Châu đã khởi xướng phong trào nào sau đây ở Việt Nam?', 'easy', 'contest'),
(1, N'Sau Chiến tranh thế giới thứ hai, quốc gia nào sau đây liên minh chặt chẽ với Mĩ?', 'easy', 'contest'),
(1, N'Một trong những tác động của xu thế toàn cầu hóa là', 'easy', 'contest'),
(1, N'Chiến lược Việt Nam hóa chiến tranh (1969-1973) của Mĩ ở miền Nam Việt Nam được triển khai với lực lượng chủ yếu là', 'easy', 'contest'),
(1, N'Một trong những quốc gia giành độc lập ở khu vực Đông Nam Á trong những năm 50 của thế kỉ XX là', 'easy', 'contest'),
(1, N'Trong những năm 1945-1954, quân dân Việt Nam đã mở chiến dịch nào sau đây?', 'easy', 'contest'),
(1, N'Trong cuộc kháng chiến chống thực dân Pháp (1945-1954), nhân dân Việt Nam đã đoàn kết với nhân dân nước nào sau đây ở châu Á?', 'easy', 'contest'),
(1, N'Trong những năm 1976-1986, nhân dân Việt Nam thực hiện một trong những nhiệm vụ nào sau đây?', 'easy', 'contest'),
(1, N'Việt Nam Quốc dân đảng (1927-1930) có chủ trương nào sau đây?', 'easy', 'contest'),
(1, N'Hội nghị Ianta (2-1945) có nội dung nào sau đây?', 'easy', 'contest'),
(1, N'Trong phong trào giải phóng dân tộc 1939-1945, nhân dân Việt Nam có hoạt động nào sau đây?', 'easy', 'contest'),
(1, N'Quốc gia nào sau đây giúp đỡ các nước xã hội chủ nghĩa trong những năm 1950-1973?', 'easy', 'contest'),
(1, N'Thực hiện chiến lược “Chiến tranh đặc biệt” (1961-1965) ở miền Nam Việt Nam, Mĩ có hành động nào sau đây?', 'easy', 'contest'),
(1, N'Chiến tranh lạnh chấm dứt đã góp phần', 'easy', 'contest'),
(1, N'Trong chương trình khai thác thuộc địa lần thứ hai ở Đông Dương (1919-1929), thực dân Pháp đã', 'easy', 'contest'),
(1, N'Sau Chiến tranh thế giới thứ hai, khu vực Mĩ Latinh đã đấu tranh chống', 'easy', 'contest'),
(1, N'Trong những năm 1954-1960, nhân dân tỉnh nào sau đây ở miền Nam Việt Nam nổi dậy đấu tranh chống chính quyền Ngô Đình Diệm?', 'easy', 'contest'),
(1, N'Nông dân Việt Nam bị đẩy vào cảnh bần cùng hóa trong những năm 1919-1929 do nguyên nhân nào sau đây?', 'easy', 'contest'),
(1, N'Năm 1975, Việt Nam mở chiến dịch nào sau đây?', 'easy', 'contest'),
(1, N'Trong những năm 1945-1973, các nước Tây Âu thực hiện chính sách đối ngoại nào sau đây?', 'easy', 'contest'),
(1, N'Nội dung nào sau đây là một trong những khó khăn của nước Việt Nam Dân chủ Cộng hòa sau Cách mạng tháng Tám năm 1945?', 'easy', 'contest'),
(1, N'Luận cương chính trị (tháng 10-1930) của Đảng Cộng sản Đông Dương xác định một trong những lực lượng của cách mạng là', 'medium', 'contest'),
(1, N'Nội dung nào sau đây phản ánh đúng tác động của Chính sách kinh tế mới (NEP) đối với nước Nga?', 'medium', 'contest'),
(1, N'Trong cuộc kháng chiến chống thực dân Pháp (1945-1954), thắng lợi nào sau đây tạo điều kiện cho Việt Nam chuẩn bị kháng chiến lâu dài?', 'medium', 'contest'),
(1, N'Trong những năm 1939-1945, quốc gia nào sau đây là một trong những lực lượng chủ chốt trong mặt trận Đồng minh chống phát xít?', 'medium', 'contest'),
(1, N'Sau Chiến tranh thế giới thứ hai, khu vực Đông Nam Á có những thay đổi to lớn chủ yếu là do', 'medium', 'contest'),
(1, N'Trong những năm 1936-1939, điều kiện khách quan nào sau đây tác động đến chủ trương của Đảng Cộng sản Đông Dương?', 'medium', 'contest'),
(1, N'Trong những năm 1926-1929, phong trào công nhân Việt Nam phát triển là do nguyên nhân nào sau đây?', 'medium', 'contest'),
(1, N'Chiến thắng quân sự nào sau đây của quân dân Việt Nam buộc Mĩ phải xuống thang trong chiến tranh xâm lược?', 'medium', 'contest'),
(1, N'Nội dung nào sau đây là nhân tố ảnh hưởng đến sự phát triển kinh tế Mĩ những năm 1973 - 1991?', 'medium', 'contest'),
(1, N'Nội dung nào sau đây là cơ sở để khẳng định phong trào dân chủ 1936-1939 ở Việt Nam là một bước chuẩn bị cho Tổng khởi nghĩa tháng Tám năm 1945?', 'medium', 'contest'),
(1, N'Ở Việt Nam, hoạt động quân sự của thực dân Pháp trong những năm 1953-1954 có điểm gì mới so với những năm 1951-1953?', 'medium', 'contest'),
(1, N'Trong thời kì 1954-1975, cách mạng Việt Nam chịu tác động nào sau đây của lịch sử thế giới?', 'hard', 'contest'),
(1, N'Năm 1945, một trong những điểm khác biệt giữa cách mạng tháng Tám ở Việt Nam với cách mạng tháng Mười ở Lào là', 'hard', 'contest'),
(1, N'Ở Việt Nam, phong trào cách mạng 1930-1931 có điểm tương đồng nào sau đây so với phong trào dân tộc dân chủ trong những năm 20 của thế kỉ XX?', 'hard', 'contest'),
(1, N'Nhận xét nào sau đây đúng về vai trò của Hội Việt Nam cách mạng Thanh niên?', 'hard', 'contest'),
(1, N'Phong trào “Đồng khởi” (1959-1960) và phong trào thi đua yêu nước trong những năm 1951-1953 ở Việt Nam có điểm tương đồng nào sau đây?', 'hard', 'contest'),
(1, N'Đảng Cộng sản Việt Nam ra đời vào đầu năm 1930 chứng tỏ', 'hard', 'contest'),
(1, N'Mặt trận Liên Việt có điểm tương đồng nào sau đây so với mặt trận Thống nhất nhân dân phản đế Đông Dương?', 'hard', 'contest'),
(1, N'Sự phân hóa, chuyển hóa của các tổ chức tiền cộng sản ở Việt Nam trong những năm 20 của thế kỉ XX cho thấy', 'hard', 'contest');


-- INSERT ANSWER
INSERT INTO ANSWER (questionID, answerDesc, isCorrect) VALUES
(1, N'A. Ngăn chặn, đẩy lùi và tiến tới xóa bỏ hoàn toàn Chủ nghĩa xã hội trên thế giới.', FALSE),
(1, N'B. Đàn áp phong trào giải phóng dân tộc, phong trào cộng sản và công nhân quốc tế.', FALSE),
(1, N'C. Hòa bình, hữu nghị, thúc đẩy hợp tác với các nước trên thế giới.', FALSE),
(1, N'D. Triển khai chiến lược toàn cầu với tham vọng làm bá chủ thế giới.', TRUE);

INSERT INTO ANSWER (questionID, answerDesc, isCorrect) VALUES
(2, N'A. Phát xít Nhật', TRUE),
(2, N'B. Thực dân Pháp.', FALSE),
(2, N'C. Thực dân Pháp và tay sai.', FALSE),
(2, N'D. Thực dân Pháp- phát xít Nhật.', FALSE);

INSERT INTO ANSWER (questionID, answerDesc, isCorrect) VALUES
(3, N'A. Đà Nẵng', TRUE),
(3, N'B. Gia Định.', FALSE),
(3, N'C. Hà Nội.', FALSE),
(3, N'D. Thuận An.', FALSE);

INSERT INTO ANSWER (questionID, answerDesc, isCorrect) VALUES
(4, N'A. Hi Lạp.', FALSE), (4, N'B. Ấn Độ.', FALSE), (4, N'C. Nam Phi.', FALSE), (4, N'D. Ai Cập.', TRUE),
(5, N'A. Đông Dương Cộng sản đảng, Tân Việt Cách mạng đảng.', FALSE), (5, N'B. Đông Dương Cộng sản liên đoàn, An Nam Cộng sản đảng.', FALSE), (5, N'C. Đông Dương Cộng sản đảng, An Nam Cộng sản đảng.', TRUE), (5, N'D. Đông Dương Cộng sản đảng, Đông Dương Cộng sản liên đoàn.', FALSE),
(6, N'A. Liên Xô chế tạo thành công động cơ phản lực (1949).', FALSE), (6, N'B. Liên Xô phóng tàu vũ trụ bay vòng quanh Trái Đất (1961).', TRUE), (6, N'C. Liên Xô xây dựng trạm vệ tinh ngoài Trái Đất (1972).', FALSE), (6, N'D. Liên Xô phóng thành công vệ tinh nhân tạo (1957).', FALSE),
(7, N'A. Phát động phong trào “nhường cơm sẻ áo”, “ngày đồng tâm”.', FALSE), (7, N'B. Thành lập các đoàn quân “Nam tiến”.', FALSE), (7, N'C. Thành lập “Nha bình dân học vụ”.', FALSE), (7, N'D. Tiến hành Tổng tuyển cử bầu Quốc hội trên cả nước.', TRUE),
(8, N'A. Trung Quốc, Đài Loan, Nhật Bản.', FALSE), (8, N'B. Hàn Quốc, Hồng Công, Đài Loan.', TRUE), (8, N'C. Triều Tiên, Hàn Quốc, Nhật Bản.', FALSE), (8, N'D. Hàn Quốc, Trung Quốc, Nhật Bản.', FALSE),
(9, N'A. Hội nghị Xan Phranxixcô (1946).', TRUE), (9, N'B. Hội nghị Ianta (1945).', FALSE), (9, N'C. Hội nghị Pari (1973).', FALSE), (9, N'D. Hội nghị Pốtxđam (1946).', FALSE),
(10, N'A. Đảng Tân Việt.', FALSE), (10, N'B. Việt Nam Quang phục hội.', TRUE), (10, N'C. Việt Nam Quốc dân đảng.', FALSE), (10, N'D. Đảng Thanh Niên.', FALSE),
(11, N'A. Lời kêu gọi toàn quốc kháng chiến.', TRUE), (11, N'B. Báo cáo Bàn về cách mạng Việt Nam.', FALSE), (11, N'C. Tác phẩm Kháng chiến nhất định thắng lợi.', FALSE), (11, N'D. Chỉ thị toàn dân kháng chiến.', FALSE),
(12, N'A. Việt Nam.', TRUE), (12, N'B. Malaixia.', FALSE), (12, N'C. Philippin.', FALSE), (12, N'D. Thái Lan.', FALSE),
(13, N'A. Cuộc vận động dân chủ 1936 -1939.', FALSE), (13, N'B. Cao trào kháng Nhật cứu nước.', FALSE), (13, N'C. Phong trào cách mạng 1930 -1931.', TRUE), (13, N'D. Khởi nghĩa Bắc Sơn và Nam Kì (1940).', FALSE),
(14, N'A. thông điệp của Tổng thống Truman tại Quốc hội Mĩ (1947).', TRUE), (14, N'B. sự ra đời của Tổ chức Hiệp ước Vácsava (1955).', FALSE), (14, N'C. Mĩ đề ra “Kế hoạch Mácsan” nhằm viện trợ cho các nước Tây Âu (1947).', FALSE), (14, N'D. sự ra đời của Tổ chức Hiệp ước Bắc Đại Tây Dương (NATO, 1949).', FALSE),
(15, N'A. chống phát xít, chống chiến tranh, đòi tự do, dân chủ.', TRUE), (15, N'B. giải phóng giai cấp.', FALSE), (15, N'C. trước giải phóng giai cấp, sau đó giải phóng dân tộc.', FALSE), (15, N'D. giải phóng dân tộc.', FALSE),
(16, N'A. Nước Pháp đang chuyển sang giai đoạn chủ nghĩa đế quốc.', FALSE), (16, N'B. Tình hình kinh tế, văn hóa, chính trị ở Pháp tương đối ổn định.', FALSE), (16, N'C. Nước Pháp bị thiệt hại nặng nề do cuộc chiến tranh xâm lược Việt Nam.', TRUE), (16, N'D. Nước Pháp bị thiệt hại nặng nề do cuộc chiến tranh thế giới thứ nhất (1914-1918).', FALSE),
(17, N'A. Thập niên 70 của thế kỉ XX.', TRUE), (17, N'B. Thập niên 50 của thế kỉ XX.', FALSE), (17, N'C. Thập niên 80 của thế kỉ XX.', FALSE), (17, N'D. Thập niên 60 của thế kỉ XX.', FALSE),
(18, N'A. Hội phản đế Đồng minh Đông Dương.', FALSE), (18, N'B. Mặt trận thống nhất dân tộc phản đế Đông Dương.', FALSE), (18, N'C. Mặt trận Việt Nam độc lập đồng minh.', TRUE), (18, N'D. Mặt trận thống nhất nhân dân phản đế Đông Dương.', FALSE),
(19, N'A. Nông dân, địa chủ phong kiến.', FALSE), (19, N'B. Nông dân, tiểu tư sản.', FALSE), (19, N'C. Tư sản, công nhân.', FALSE), (19, N'D. Địa chủ phong kiến, tư sản.', TRUE),
(20, N'A. Mâu thuẫn chủ yếu.', FALSE), (20, N'B. Mâu thuẫn cơ bản.', FALSE), (20, N'C. Mâu thuẫn đối kháng.', FALSE), (20, N'D. Mâu thuẫn cơ bản và chủ yếu.', TRUE);


INSERT INTO ANSWER (questionID, answerDesc, isCorrect) VALUES
(21, N'A. Trung Quốc.', FALSE), (21, N'B. Liên Xô.', TRUE), (21, N'C. Ấn độ.', FALSE), (21, N'D. Mĩ', FALSE),
(22, N'A. giải quyết vấn đề hòa bình ở Campuchia.', FALSE), (22, N'B. tăng cường hợp tác giữa các nước về giáo dục, y tế.', FALSE), (22, N'C. tạo ra cơ chế giải quyết vấn đề an ninh, hòa bình ở châu Âu.', TRUE), (22, N'D. trao đổi thành tựu khoa học - kĩ thuật.', FALSE),
(23, N'A. Liên Hợp quốc.', FALSE), (23, N'B. ASEAN.', FALSE), (23, N'C. NATO.', FALSE), (23, N'D. EU.', TRUE),
(24, N'A. có tiềm lực kinh tế - quốc phòng vuợt trội.', FALSE), (24, N'B. Mỹ cắt giảm dần sự bảo trợ về an ninh.', FALSE), (24, N'C. có tiềm lực kinh tế - tài chính lớn mạnh.', TRUE), (24, N'D. tác động của cục diện Chiến tranh lạnh.', FALSE),
(25, N'A. Pháp.', FALSE), (25, N'B. Anh.', FALSE), (25, N'C. Nhật Bản.', TRUE), (25, N'D. Mĩ.', FALSE),
(26, N'A. bị chiến tranh tàn phá nặng nề.', FALSE), (26, N'B. phát triển nhanh.', TRUE), (26, N'C. phát triển chậm chạp.', FALSE), (26, N'D. phát triển xen lẫn suy thoái ngắn.', FALSE),
(27, N'A. Mở ra chiều hướng giải quyết hòa bình các vụ tranh chấp, xung đột.', TRUE), (27, N'B. Hình thành một trật tự thế giới mới theo xu hướng đa cực.', FALSE), (27, N'C. Làm cho phạm vi ảnh hưởng của Mĩ và Liên Xô đều bị thu hẹp.', FALSE), (27, N'D. Khiến các tổ chức chính trị - quân sự trên thế giới đều bị giải thể.', FALSE),
(28, N'A. Cả hai nước đều là trụ cột của trật tự “hai cực” Ianta, chi phối quan hệ quốc tế.', FALSE), (28, N'B. Cả hai nước đều tốn kém, chi nhiều tiền của trong việc chạy đua vũ trang.', FALSE), (28, N'C. Cả hai đều trở thành cường quốc công nghiệp hàng đầu thế giới dù hoàn cảnh khác nhau.', TRUE), (28, N'D. Cả hai nước đều đi tiên phong trong chinh phục vũ trụ nhờ sự phát triển kinh tế.', FALSE),
(29, N'A. Cuba.', TRUE), (29, N'B. Chile.', FALSE), (29, N'C. Achentina.', FALSE), (29, N'D. Nicaragoa.', FALSE),
(30, N'A. trở trung tâm kinh tế - tài chính duy nhất thế giới.', FALSE), (30, N'B. từ nước bại trận đã vươn lên thành siêu cường kinh tế.', TRUE), (30, N'C. tốc độ phát triển của Nhật Bản vượt xa Mĩ và Tây Âu.', FALSE), (30, N'D. đứng đầu thế giới về sản xuất sản phẩm công nghệ cao.', FALSE),
(31, N'A. Mĩ - Liên Xô - Nhật Bản.', FALSE), (31, N'B. Mĩ - Tây Âu - Nhật Bản.', TRUE), (31, N'C. Mĩ - Anh – Pháp.', FALSE), (31, N'D. Mĩ – Trung Quốc - Liên Xô.', FALSE),
(32, N'A. Phóng thành công vệ tinh nhân tạo.', FALSE), (32, N'B. Chế tạo thành công bom nguyên tử.', TRUE), (32, N'C. Phóng tàu vũ trụ bay v ng quanh Trái Đất.', FALSE), (32, N'D. Đưa con người lên thám hiểm Mặt Trăng.', FALSE),
(33, N'A. Trật tự đa cực được thiết lập.', FALSE), (33, N'B. Trật tự hai cực lanta sụp đổ.', TRUE), (33, N'C. Trật tự nhiều trung tâm được hình thành.', FALSE), (33, N'D. Trật tự đơn cực được xác lập.', FALSE),
(34, N'A. Cuộc chạy đua vũ trang giữa các cường quốc.', FALSE), (34, N'B. Trật tự thế giới hai cực Ianta được thiết lập.', FALSE), (34, N'C. Sự phát triển của cách mạng khoa học – kĩ thuật.', FALSE), (34, N'D. Thắng lợi của phong trào giải phóng dân tộc.', TRUE),
(35, N'A. Đại hội đồng.', FALSE), (35, N'B. Ban Thư kí.', FALSE), (35, N'C. Hội đồng Bảo an.', TRUE), (35, N'D. Tòa án Quốc tế.', FALSE),
(36, N'A. Hiệp ước về hạn chế hệ thống phóng chống tên lửa (ABM) năm 1972.', FALSE), (36, N'B. Hiệp định về một giải pháp toàn diện cho vấn đề Campuchia (10-1991).', FALSE), (36, N'C. Cuộc gặp không chính thức giữa Busơ và Goocbachốp tại đảo Manta (12-1989).', TRUE), (36, N'D. Định ước Henxinki năm 1975.', FALSE),
(37, N'A. xây dựng khối liên minh kinh tế và quân sự.', FALSE), (37, N'B. xây dựng khối liên minh chính trị và quân sự.', FALSE), (37, N'C. xóa bỏ áp bức bóc lột và nghèo nàn lạc hậu.', FALSE), (37, N'D. tăng cường hợp tác phát triển kinh tế và văn hóa.', TRUE),
(38, N'A. phong trào mang tính chất tự vệ.', FALSE), (38, N'B. phong trào mang tính chất dân tộc dân chủ.', FALSE), (38, N'C. một phong trào yêu nước theo ý thức hệ phong kiến.', TRUE), (38, N'D. phong trào mang tính tự phát của nông dân.', FALSE),
(39, N'A. Năm 1993, chế độ phân biệt chủng tộc ở Nam Phi bị xóa bỏ.', FALSE), (39, N'B. Năm 1975, Môdămbích, Ănggôla giành độc lập.', FALSE), (39, N'C. Năm 1960, 17 quốc gia giành được độc lập.', TRUE), (39, N'D. Năm 1990, Namibia tuyên bố độc lập', FALSE),
(40, N'A. Chiến tranh thế giới thứ hai đang diễn ra ác liệt.', FALSE), (40, N'B. Chiến tranh thế giới thứ hai vừa kết thúc.', FALSE), (40, N'C. Chiến tranh thế giới thứ hai bùng nổ.', FALSE), (40, N'D. Chiến tranh thế giới thứ hai bước vào giai đoạn kết thúc.', TRUE);


INSERT INTO ANSWER (questionID, answerDesc, isCorrect) VALUES
(41, N'A. Đêm 4 rạng 5/7/1885, Tôn Thất Thuyết và lực lượng chủ chiến tấn công quân Pháp ở Huế.', FALSE), (41, N'B. 13/7/1885, Tôn Thất Thuyết lấy danh nghĩa vua Hàm Nghi xuống chiếu Cần Vương.', FALSE), (41, N'C. 19/12/1946, Chủ tịch Hồ Chí Minh đọc lời kêu gọi Toàn quốc kháng chiến.', FALSE), (41, N'D. 1/9/1858, quân và dân ta ở bán đảo Sơn Trà – Đà Nẵng chống Pháp xâm lược.', TRUE),
(42, N'A. do bóc lột hệ thống thuộc địa.', FALSE), (42, N'B. nhờ có sự tự điều chỉnh kịp thời.', TRUE), (42, N'C. do giảm chi phí cho quốc phòng.', FALSE), (42, N'D. nhờ giá nguyên, nhiên liệu giảm.', FALSE),
(43, N'A. Cục diện Chiến tranh lạnh bao trùm thế giới', FALSE), (43, N'B. Chủ nghĩa xã hội trở thành hệ thống thế giới.', FALSE), (43, N'C. Trật tự hai cực Ianta được xác lập trên thế giới.', FALSE), (43, N'D. Sự thắng lợi của phong trào giải phóng dân tộc đưa tới sự ra đời của hơn 100 quốc gia độc lập.', TRUE),
(44, N'A. Triều Tiên.', FALSE), (44, N'B. Trung Quốc.', TRUE), (44, N'C. Mông Cổ.', FALSE), (44, N'D. Nhật Bản.', FALSE),
(45, N'A. Là một cường quốc về công nghệ.', FALSE), (45, N'B. Là một cường quốc về kinh tế.', FALSE), (45, N'C. Là một cường quốc về quân sự.', FALSE), (45, N'D. Là cường quốc về chính trị.', TRUE),
(46, N'A. kháng chiến chống Pháp.', FALSE), (46, N'B. chống chế độ diệt chủng Khơme đỏ.', FALSE), (46, N'C. kháng chiến chống Mĩ.', TRUE), (46, N'D. kháng chiến chống Nhật.', FALSE),
(47, N'A. sản xuất ứng dụng dân dụng.', TRUE), (47, N'B. chinh phục vũ trụ.', FALSE), (47, N'C. công nghệ phần mềm.', FALSE), (47, N'D. công cụ sản xuất mới.', FALSE),
(48, N'A. Sự phát triển mạnh mẽ của phong trào giải phóng dân tộc.', FALSE), (48, N'B. Cuộc chạy đua vũ trang làm cho hai nước quá tốn kém và suy giảm “thế mạnh” trên nhiều mặt.', TRUE), (48, N'C. Tây Âu và Nhật Bản vươn lên mạnh mẽ trở thành đối thủ của Mĩ.', FALSE), (48, N'D. Sự lớn mạnh của Trung Quốc, Ấn Độ và các nước công nghiệp mới.', FALSE),
(49, N'A. xã hội chủ nghĩa.', TRUE), (49, N'B. dân chủ tư sản kiểu mới.', FALSE), (49, N'C. dân chủ nhân dân.', FALSE), (49, N'D. dân tộc dân chủ.', FALSE),
(50, N'A. Mĩ.', FALSE), (50, N'B. Nhật Bản.', FALSE), (50, N'C. Trung Quốc.', FALSE), (50, N'D. Liên Xô.', TRUE),
(51, N'A. Kí hết Hiệp ước Bali (2/1976).', TRUE), (51, N'B. Trật tự “hai cực” Ianta sụp đổ (1991).', FALSE), (51, N'C. Chiến tranh lạnh kết thúc (1989).', FALSE), (51, N'D. Hiệp định hoà binh về Campuchia (1991).', FALSE),
(52, N'A. liên minh của các nước thực dân.', FALSE), (52, N'B. liên minh của các nước tư bản dân chủ.', FALSE), (52, N'C. liên minh của các nước phát xít.', TRUE), (52, N'D. liên minh của các nước thuộc địa.', FALSE),
(53, N'A. Khống chế, chi phối các nước tư bản đồng minh.', TRUE), (53, N'B. Đối phó với sự vươn lên của Nhật Bản.', FALSE), (53, N'C. Đối phó với Hội đồng tương trợ kinh tế (SEV).', FALSE), (53, N'D. Biến các nước Tây Âu thành thuộc địa của Mĩ.', FALSE),
(54, N'A. Mĩ.', FALSE), (54, N'B. Trung Quốc.', FALSE), (54, N'C. Liên Xô.', TRUE), (54, N'D. Nhật Bản.', FALSE),
(55, N'A. Mở ra thời kì nền hòa bình thế giới hoàn toàn được củng cố.', FALSE), (55, N'B. Mở ra chiều hướng giải quyết hòa bình các tranh chấp, xung đột.', TRUE), (55, N'C. Chấm dứt mọi mâu thuẫn, xung đột giữa các quốc gia.', FALSE), (55, N'D. Trực tiếp làm sụp đổ trật tự hai cực, hình thành trật tự mới.', FALSE),
(56, N'A. quân đội Đức tấn công Ba Lan.', TRUE), (56, N'B. Anh, Pháp tuyên chiến với Đức.', FALSE), (56, N'C. Đức tấn công Anh, Pháp.', FALSE), (56, N'D. Đức tấn công Liên Xô.', FALSE),
(57, N'A. Nhật Bản.', TRUE), (57, N'B. Xingapo.', FALSE), (57, N'C. Trung Quốc', FALSE), (57, N'D. Hàn Quốc.', FALSE),
(58, N'A. Sự xuất hiện của chủ nghĩa khủng bố.', FALSE), (58, N'B. Hệ thống thuộc địa kiểu mới của Mĩ bị sụp đổ.', FALSE), (58, N'C. Sự vươn lên mạnh mẽ của các cường quốc.', TRUE), (58, N'D. Bị Nhật Bản vượt qua trong lĩnh vực tài chính.', FALSE),
(59, N'A. châu Á.', TRUE), (59, N'B. châu Mĩ.', FALSE), (59, N'C. châu Phi.', FALSE), (59, N'D. châu Âu.', FALSE),
(60, N'A. Ổn định và phát triển mạnh.', FALSE), (60, N'B. Không ổn định và bị chững lại.', FALSE), (60, N'C. Phát triển nhanh chóng đạt tốc độ tăng trưởng nhanh và cao nhất thế giới.', TRUE), (60, N'D. Bị cạnh tranh gay gắt.', FALSE);


INSERT INTO ANSWER (questionID, answerDesc, isCorrect) VALUES
(61, N'A. Gấp rút tập trung quân Âu - Phi.', FALSE), (61, N'B. Cho lính nhảy dù xuống Bắc Kạn.', TRUE), (61, N'C. Tiến hành chiến tranh tổng lực.', FALSE), (61, N'D. Tăng cường quân cho Điện Biên Phủ.', FALSE),
(62, N'A. Chỉ đạo trực tiếp của Quốc tế Cộng sản.', FALSE), (62, N'B. Các lực lượng xã hội ngày càng lớn mạnh.', TRUE), (62, N'C. Sự suy yếu của giai cấp tư sản trong nước.', FALSE), (62, N'D. Tác động mạnh mẽ từ xu thế toàn cầu hoá.', FALSE),
(63, N'A. Thực hiện cải cách ruộng đất và thực hành tiết kiệm.', FALSE), (63, N'B. Kêu gọi tinh thần tự nguyện đóng góp của nhân dân.', TRUE), (63, N'C. Thực hiện công cuộc đổi mới toàn diện đất nước.', FALSE), (63, N'D. Tiến hành mở chiến dịch Đường 14 - Phước Long.', FALSE),
(64, N'A. Đánh đuổi phát xít Nhật.', FALSE), (64, N'B. Tổ chức Tổng khởi nghĩa.', FALSE), (64, N'C. Thành lập Xô viết.', TRUE), (64, N'D. Kí hiệp định Sơ bộ.', FALSE),
(65, N'A. Độc quyền mọi mặt kinh tế thị trường.', FALSE), (65, N'B. Quản lí và điều tiết nền kinh tế quốc dân.', TRUE), (65, N'C. Giao cho tư nhân nắm giữ kinh tế chủ chốt.', FALSE), (65, N'D. Thả nổi nền kinh tế tự do phát triển.', FALSE),
(66, N'A. Việt Bắc thu - đông.', FALSE), (66, N'B. Biên giới thu - đông.', TRUE), (66, N'C. Hồ Chí Minh.', FALSE), (66, N'D. Điện Biên Phủ.', FALSE),
(67, N'A. Liên Xô.', FALSE), (67, N'B. Anh.', FALSE), (67, N'C. Mianma.', FALSE), (67, N'D. Italia.', TRUE),
(68, N'A. Các quốc gia tiến lên chủ nghĩa xã hội sau khi giành độc lập.', FALSE), (68, N'B. Lãnh đạo của phong trào là chính đảng vô sản.', FALSE), (68, N'C. Góp phần giải trừ chủ nghĩa thực dân trên thế giới.', TRUE), (68, N'D. Thực hiện nhiệm vụ đấu tranh chống chế độ độc tài thân Mĩ.', FALSE),
(69, N'A. Mít tinh, biểu tình.', FALSE), (69, N'B. Mít tinh, đưa “dân nguyện”.', FALSE), (69, N'C. Đấu tranh báo chí.', FALSE), (69, N'D. Đốt nhà lao, phá huyện đường.', TRUE),
(70, N'A. Góp phần thực nghiệm đường lối cứu nước theo khuynh hướng tư sản.', FALSE), (70, N'B. Tạo sự chuyển biến về chất trong phong trào công nhân Việt Nam.', TRUE), (70, N'C. Chuyển hướng chỉ đạo đường lối chiến lược cách mạng Việt Nam.', FALSE), (70, N'D. Lãnh đạo nhân dân tiến hành kháng chiến chống thực dân Pháp xâm lược.', FALSE),
(71, N'A. Điện Biên Phủ.', FALSE), (71, N'B. Điện Biên Phủ trên không.', TRUE), (71, N'C. Hồ Chí Minh.', FALSE), (71, N'D. Việt Bắc thu - đông.', FALSE),
(72, N'A. hạn chế ảnh hưởng từ Nhật Bản.', FALSE), (72, N'B. khẳng định vị thế cường quốc chính trị.', FALSE), (72, N'C. có được những lợi ích to lớn.', TRUE), (72, N'D. phát triển nhanh về an ninh - quốc phòng.', FALSE),
(73, N'A. Quân Pôn Pốt tấn công, phá hoại.', FALSE), (73, N'B. Nhân dân chưa giành quyền làm chủ.', FALSE), (73, N'C. Đất nước chưa giành được độc lập.', FALSE), (73, N'D. Sự chống phá của quân đội Nhật.', TRUE),
(74, N'A. Đoàn kết với cách mạng thế giới.', TRUE), (74, N'B. Đưa giai cấp tư sản lên lãnh đạo.', FALSE), (74, N'C. Tiêu diệt tận gốc chủ nghĩa phát xít.', FALSE), (74, N'D. Thành lập nhà nước chỉ của công nhân.', FALSE),
(75, N'A. Thực hiện chế độ độc quyền nhà nước.', FALSE), (75, N'B. Thúc đẩy sản xuất phát triển mạnh.', TRUE), (75, N'C. Chỉ cho phép tư nhân chi phối kinh tế.', FALSE), (75, N'D. Cho phép sự phát triển tự do của xã hội.', FALSE),
(76, N'A. Thắng lợi của chiến dịch Hồ Chí Minh.', FALSE), (76, N'B. Thắng lợi của chiến dịch Thượng Lào.', FALSE), (76, N'C. Phong trào thi đua yêu nước phát triển.', TRUE), (76, N'D. Giải phóng hoàn toàn miền Nam.', FALSE),
(77, N'A. Liên Xô.', TRUE), (77, N'B. Anh.', FALSE), (77, N'C. Pháp.', FALSE), (77, N'D. Mĩ.', FALSE),
(78, N'A. Sự tác động và chi phối của trật tự thế giới đơn cực.', FALSE), (78, N'B. Các nước trong khu vực đẩy mạnh hợp tác với thuộc địa.', FALSE), (78, N'C. Sự giúp đỡ to lớn của các nước thuộc địa và lệ thuộc.', FALSE), (78, N'D. Thắng lợi của cuộc cách mạng dân tộc dân chủ nhân dân.', TRUE),
(79, N'A. Sự phát triển của phong trào chống phát xít trên thế giới.', TRUE), (79, N'B. Phong trào dân tộc dân chủ trong nước phát triển mạnh.', FALSE), (79, N'C. Phong trào cách mạng 1930-1931 để lại nhiều bài học quý.', FALSE), (79, N'D. Cuộc khởi nghĩa chống Pháp bùng nổ và phát triển mạnh.', FALSE),
(80, N'A. Sự hoạt động tích cực của các tổ chức cách mạng.', TRUE), (80, N'B. Phong trào chống đế quốc trên toàn cầu phát triển.', FALSE), (80, N'C. Chính sách đàn áp của chính quyền Nguyễn Văn Thiệu.', FALSE), (80, N'D. Ách thống trị và bóc lột tàn bạo của đế quốc Mĩ.', FALSE);


INSERT INTO ANSWER (questionID, answerDesc, isCorrect) VALUES
(81, N'A. trực tiếp lật đổ chính quyền Sài Gòn.', FALSE), (81, N'B. đề ra đường lối xây dựng chủ nghĩa xã hội.', FALSE), (81, N'C. làm cho Mĩ rút quân khỏi các chiến trường.', FALSE), (81, N'D. góp phần dẫn đến nhiều thắng lợi về quân sự.', TRUE),
(82, N'A. Trật tự thế giới hai cực Ianta đã hình thành.', FALSE), (82, N'B. Tổ chức ASEAN ra đời và phát triển mạnh.', FALSE), (82, N'C. Sự vươn lên của các nước sau khi giành độc lập.', TRUE), (82, N'D. Mọi cuộc xung đột trên thế giới đã được giải quyết.', FALSE),
(83, N'A. phong kiến.', TRUE), (83, N'B. nông dân.', FALSE), (83, N'C. phát xít.', FALSE), (83, N'D. công nhân.', FALSE),
(84, N'A. Thực hiện độc quyền mọi mặt của nhà nước.', FALSE), (84, N'B. Nhà nước tập trung phát triển công nghiệp.', FALSE), (84, N'C. Chỉ cho phép tư nhân chi phối kinh tế.', FALSE), (84, N'D. Cho phép phát triển tự do nền kinh tế.', TRUE),
(85, N'A. Thắng lợi của Chiến dịch Hồ Chí Minh.', FALSE), (85, N'B. Chiến thắng Trung và Thượng Lào.', FALSE), (85, N'C. Chiến thắng Việt Bắc thu-đông.', TRUE), (85, N'D. Chiến thắng Bắc Tây Nguyên.', FALSE),
(86, N'A. Liên Xô.', TRUE), (86, N'B. Pêru.', FALSE), (86, N'C. Phần Lan.', FALSE), (86, N'D. Áo.', FALSE),
(87, N'A. Sự tác động và chi phối của trật tự thế giới đơn cực.', FALSE), (87, N'B. Các nước tư bản phương Tây hợp tác với thuộc địa.', FALSE), (87, N'C. Sự giúp đỡ to lớn của các nước thuộc địa và lệ thuộc.', FALSE), (87, N'D. Sự điều chính trong chính sách phát triển kinh tế.', TRUE),
(88, N'A. Những thay đổi trong chính sách của nước Pháp.', TRUE), (88, N'B. Phong trào dân tộc dân chủ trong nước phát triển.', FALSE), (88, N'C. Phong trào cách mạng 1930-1931 để lại nhiều bài học.', FALSE), (88, N'D. Tổng khởi nghĩa tháng Tám năm 1945 sắp bùng nổ.', FALSE),
(89, N'A. Sự truyền bá của chủ nghĩa Mác-Lênin.', TRUE), (89, N'B. Có sự mâu thuẫn sâu sắc với nông dân.', FALSE), (89, N'C. Chính sách đàn áp của chính quyền Sài Gòn.', FALSE), (89, N'D. Ách thống trị tàn bạo của đế quốc Mĩ.', FALSE),
(90, N'A. Xác định hình thái chiến tranh là từ đấu tranh chính trị tiến lên tổng tiến công.', FALSE), (90, N'B. Khẳng định đường lối của cách mạng là nhiệm vụ kháng chiến và kiến quốc.', FALSE), (90, N'C. Diễn ra trong bối cảnh không còn sự mâu thuẫn giữa hai hệ thống xã hội đối lập.', FALSE), (90, N'D. Có chủ trương gây dựng cơ sở cho chủ nghĩa xã hội ở Việt Nam trong chiến tranh.', TRUE),
(91, N'A. Diễn ra trong bối cảnh phong trào cách mạng thế giới đang phát triển.', FALSE), (91, N'B. Có sự can thiệp của Mĩ nhằm từng bước thay thế thực dân Pháp.', TRUE), (91, N'C. Thực hiện âm mưu chiến lược của thực dân Pháp trong chiến tranh.', FALSE), (91, N'D. Tạo thế chiến lược mạnh làm hậu thuẫn cho một giải pháp ngoại giao.', FALSE),
(92, N'A. Diễn ra trước khi Đồng minh vào thực hiện nhiệm vụ.', FALSE), (92, N'B. Diễn ra cả ở địa bàn thành thị và nông thôn.', TRUE), (92, N'C. Chỉ có sự tham gia của lực lượng vũ trang.', FALSE), (92, N'D. Là cuộc cách mạng có tính chất dân chủ điển hình.', FALSE),
(93, N'A. Có sự thay đổi về vai trò của lực lượng tham chiến trên chiến trường.', FALSE), (93, N'B. Mĩ tiến hành chiến tranh phá hoại miền Bắc chủ yếu bằng máy bay B52.', FALSE), (93, N'C. Mĩ tiến hành những hoạt động chống phá cách mạng miền Bắc Việt Nam.', TRUE), (93, N'D. Triển khai khi quân đội Mĩ đã giành được thế chủ động trên chiến trường.', FALSE),
(94, N'A. Lí luận giải phóng dân tộc theo con đường vô sản trở thành vũ khí chống thực dân.', TRUE), (94, N'B. Mặt trận thống nhất của toàn dân tộc ra đời và lãnh đạo đấu tranh cách mạng.', FALSE), (94, N'C. Chiếm ưu thế tuyệt đối trong phong trào đấu tranh là khuynh hướng tư sản.', FALSE), (94, N'D. Có sự lãnh đạo thống nhất từ chính đảng cách mạng của giai cấp vô sản.', FALSE),
(95, N'A. Thắng lợi quyết định đến cuộc đấu tranh trên mặt trận ngoại giao.', TRUE), (95, N'B. Tư tưởng chủ đạo trong chiến dịch là chủ động tiến công địch', FALSE), (95, N'C. Thắng lợi của lực lượng vũ trang ba thứ quân', FALSE), (95, N'D. Chiến dịch tiến công quy mô lớn của bội đội chủ lực Việt Nam', FALSE),
(96, N'A. Vai trò cơ bản nhất', FALSE), (96, N'B. Vai trò quyết định trực tiếp.', TRUE), (96, N'C. Vai trò quyết định nhất', FALSE), (96, N'D. Vai trò quan trọng nhất', FALSE),
(97, N'A. Triều đình đã đầu hàng thực dân Pháp', FALSE), (97, N'B. Thiếu đường lối lãnh đạo đúng đắn và sự chỉ huy thống nhất.', TRUE), (97, N'C. Thực dân Pháp mạnh và đã củng cố được nền thống trị ở Việt Nam', FALSE), (97, N'D. Phong trào diễn ra rời rạc, lẻ tẻ', FALSE),
(98, N'A. Chiến thắng Ấp Bắc', FALSE), (98, N'B. Chiến thắng Bình Giã', FALSE), (98, N'C. Chiến thắng Vạn Tường.', TRUE), (98, N'D. Chiến thắng Núi Thành', FALSE),
(99, N'A. Ở Hà Nội, Pháp gửi tối hậu thư đòi Chính phủ ta phải giải tán lực lượng tự vệ chiến đấu', FALSE), (99, N'B. Công nhân nhà máy điện Yên Phụ Hà Nội phá máy, cả Hà Nội mất điện.', TRUE), (99, N'C. Ban Thường vụ Trung ương Đảng ra chỉ thị Toàn dân kháng chiến', FALSE), (99, N'D. Hội nghị Ban Thường vụ Trung ương Đảng Cộng sản Đông Dương', FALSE),
(100, N'A. Tìm Mĩ mà đánh.', FALSE), (100, N'B. Đông du.', TRUE), (100, N'C. Lùng ngụy mà diệt.', FALSE), (100, N'D. Hòa bình.', FALSE);


INSERT INTO ANSWER (questionID, answerDesc, isCorrect) VALUES
(101, N'A. Nhật Bản.', TRUE), (101, N'B. Liên Xô.', FALSE), (101, N'C. Trung Quốc.', FALSE), (101, N'D. Ai Cập.', FALSE),
(102, N'A. đưa đến sự tăng trưởng cao.', TRUE), (102, N'B. dẫn đến tình trạng bất ổn ở khắp nơi.', FALSE), (102, N'C. xuất hiện nhiều cuộc chiến tranh cục bộ.', FALSE), (102, N'D. đưa đến đảo chính quân sự ở mọi nước.', FALSE),
(103, N'A. cố vấn Thụy Điển.', FALSE), (103, N'B. chính quyền Bảo Đại.', FALSE), (103, N'C. quân viễn chinh Mĩ.', FALSE), (103, N'D. quân đội Sài Gòn.', TRUE),
(104, N'A. Malaixia.', TRUE), (104, N'B. Camarun.', FALSE), (104, N'C. Cuba.', FALSE), (104, N'D. Nam Phi.', FALSE),
(105, N'A. Chiến dịch Hồ Chí Minh.', FALSE), (105, N'B. Chiến dịch Phước Long.', FALSE), (105, N'C. Chiến dịch Huế-Đà Nẵng.', FALSE), (105, N'D. Chiến dịch Điện Biên Phủ.', TRUE),
(106, N'A. Chilê.', FALSE), (106, N'B. Braxin.', FALSE), (106, N'C. Campuchia.', TRUE), (106, N'D. Cuba.', FALSE),
(107, N'A. Đánh đổ đế quốc và phát xít.', FALSE), (107, N'B. Lật đổ chế độ gia đình trị.', FALSE), (107, N'C. Đưa nhân dân lên làm chủ.', FALSE), (107, N'D. xây dựng chủ nghĩa xã hội.', TRUE),
(108, N'A. Xây dựng nhà nước phong kiến.', FALSE), (108, N'B. Thành lập tổ chức Quan hải tùng thư.', FALSE), (108, N'C. Dùng bạo lực chống đế quốc xâm lược.', TRUE), (108, N'D. Duy trì tổ chức Việt Nam nghĩa đoàn.', FALSE),
(109, N'A. Liên Xô có phạm vi ảnh hưởng ở Đông Âu.', TRUE), (109, N'B. Hà Lan trở thành nước trung lập.', FALSE), (109, N'C. Trung Quốc trở thành nước xã hội chủ nghĩa.', FALSE), (109, N'D. Triều Tiên sẽ thống nhất ngay.', FALSE),
(110, N'A. Tham gia cao trào kháng Nhật cứu nước.', TRUE), (110, N'B. Đấu tranh đòi Mĩ rút hết quân về nước.', FALSE), (110, N'C. Bài trừ thế lực của chủ nghĩa khủng bố.', FALSE), (110, N'D. Xây dựng hệ thống đường cao tốc hiện đại.', FALSE),
(111, N'A. Anh.', FALSE), (111, N'B. Pháp.', FALSE), (111, N'C. Nhật Bản.', FALSE), (111, N'D. Liên Xô.', TRUE),
(112, N'A. Đề ra kế hoạch Xtalây - Taylo.', TRUE), (112, N'B. Đưa quân mọi nước đồng minh tham chiến.', FALSE), (112, N'C. Thành lập tổ chức thống nhất châu Âu.', FALSE), (112, N'D. Đề ra và triển khai kế hoạch Na va.', FALSE),
(113, N'A. củng cố hoà bình trên thế giới.', TRUE), (113, N'B. chấm dứt chạy đua khốc liệt về kinh tế.', FALSE), (113, N'C. chấm dứt ngay việc đầu tư cho vũ trang.', FALSE), (113, N'D. giải quyết triệt để mâu thuẫn trong xã hội.', FALSE),
(114, N'A. không chú trọng phát triển nông nghiệp.', FALSE), (114, N'B. tập trung vào ngành công nghiệp vũ trụ.', FALSE), (114, N'C. ra sức phát triển công nghiệp hạt nhân.', FALSE), (114, N'D. cướp đoạt ruộng đất của nông dân.', TRUE),
(115, N'A. sự xâm lược của Ai Cập.', FALSE), (115, N'B. chế độ độc tài thân Mĩ.', TRUE), (115, N'C. sự can thiệp trực tiếp của Libi.', FALSE), (115, N'D. nhà nước tư sản Hà Lan.', FALSE),
(116, N'A. Bến Tre.', TRUE), (116, N'B. Hải Phòng.', FALSE), (116, N'C. Hà Nội.', FALSE), (116, N'D. Thái Nguyên.', FALSE),
(117, N'A. Chính sách tăng thuế của của chính quyền thực dân.', TRUE), (117, N'B. Sự áp bức và bóc lột của chính quyền Sài Gòn.', FALSE), (117, N'C. Sự chống phá của lực lượng Trung Hoa Dân quốc.', FALSE), (117, N'D. Chính sách nhổ lúa, trồng đay của phát xít Đức.', FALSE),
(118, N'A. Chiến dịch Hồ Chí Minh.', TRUE), (118, N'B. Chiến dịch Biên giới thu - đông.', FALSE), (118, N'C. Chiến dịch Điện Biên Phủ.', FALSE), (118, N'D. Chiến dịch Tây Bắc.', FALSE),
(119, N'A. Liên minh với các nước Đông Âu.', FALSE), (119, N'B. Giúp đỡ tổ chức ASEAN ra đời.', FALSE), (119, N'C. Hỗ trợ kinh tế cho các nước thuộc địa.', FALSE), (119, N'D. Đa dạng hóa quan hệ với các nước.', TRUE),
(120, N'A. Chủ nghĩa khủng bố quốc tế phổ biến.', FALSE), (120, N'B. Đa số nhân dân Việt Nam biết chữ.', FALSE), (120, N'C. Liên Xô, Trung Quốc công nhận Việt Nam.', FALSE), (120, N'D. Ngân sách nhà nước hầu như trống rỗng.', TRUE);

INSERT INTO ANSWER (questionID, answerDesc, isCorrect) VALUES
(121, N'A. công nhân.', TRUE), (121, N'B. nô lệ.', FALSE), (121, N'C. tư sản.', FALSE), (121, N'D. địa chủ.', FALSE),
(122, N'A. Dẫn tới sự độc quyền mọi mặt của nhà nước.', FALSE), (122, N'B. Nền kinh tế đất nước dần được phục hồi.', TRUE), (122, N'C. Làm cho tư nhân nắm quyền chi phối kinh tế.', FALSE), (122, N'D. Đưa đến sự phát triển tự do của nền kinh tế.', FALSE),
(123, N'A. Thắng lợi của Chiến dịch Huế - Đà Nẵng.', FALSE), (123, N'B. Chiến thắng Ấp Bắc.', FALSE), (123, N'C. Thắng lợi ở các đô thị phía bắc vĩ tuyến 16.', TRUE), (123, N'D. Chiến thắng Tây Nguyên.', FALSE),
(124, N'A. Mĩ.', TRUE), (124, N'B. Pháp.', FALSE), (124, N'C. Bỉ.', FALSE), (124, N'D. Lào.', FALSE),
(125, N'A. sự tác động và chi phối của trật tự thế giới đơn cực.', FALSE), (125, N'B. Liên Xô triển khai chính sách đối ngoại hòa bình.', FALSE), (125, N'C. sự giúp đỡ to lớn của các nước thuộc địa và lệ thuộc.', FALSE), (125, N'D. thắng lợi của cuộc đấu tranh giành độc lập dân tộc.', TRUE),
(126, N'A. Chủ nghĩa phát xít chuẩn bị gây chiến tranh.', TRUE), (126, N'B. Phong trào dân tộc dân chủ trong nước phát triển.', FALSE), (126, N'C. Phong trào cách mạng 1930-1931 để lại nhiều bài học.', FALSE), (126, N'D. Tổng khởi nghĩa tháng Tám năm 1945 sắp bùng nổ.', FALSE),
(127, N'A. Sự truyền bá tư tưởng cách mạng mới.', TRUE), (127, N'B. Có sự mâu thuẫn sâu sắc với nông dân.', FALSE), (127, N'C. Chính sách đàn áp của chính quyền Sài Gòn.', FALSE), (127, N'D. Ách thống trị tàn bạo của đế quốc Mĩ.', FALSE),
(128, N'A. Chiến thắng Điện Biên Phủ năm 1954.', FALSE), (128, N'B. Chiến thắng Tây Nguyên năm 1975.', FALSE), (128, N'C. Chiến thắng Ấp Bắc năm 1963.', FALSE), (128, N'D. Chiến thắng Xuân Mậu thân 1968.', TRUE),
(129, N'A. Hệ thống thuộc địa ổn định lâu dài.', FALSE), (129, N'B. Xã hội ổn định, không có mâu thuẫn.', FALSE), (129, N'C. Cuộc chạy đua vũ trang kéo dài.', TRUE), (129, N'D. Không tham gia chạy đua vũ trang.', FALSE),
(130, N'A. Lực lượng tiên phong trưởng thành hơn về tư tưởng và hành động.', TRUE), (130, N'B. Tạo dựng mối quan hệ giữa Đảng tiên phong và quần chúng cách mạng.', FALSE), (130, N'C. Rèn luyện đội ngũ cán bộ đầu tiên cho Đảng Cộng sản Đông Dương.', FALSE), (130, N'D. Động viên dân chúng tham gia chuẩn bị toàn diện cho cách mạng.', FALSE),
(131, N'A. Có sự kết hợp với hoạt động đàm phán để đi đến việc kết thúc chiến tranh.', TRUE), (131, N'B. Có sự quyết tâm trong quá trình thực hiện nhằm giành thắng lợi trong chiến tranh.', FALSE), (131, N'C. Có sự tham gia nòng cốt của lực lượng vũ trang trong các cuộc hành quân.', FALSE), (131, N'D. Có sự kết hợp của tiềm lực trong nước và nước ngoài trong quá trình thực hiện.', FALSE),
(132, N'A. Xu thế hòa hoãn Đông – Tây thay thế xu hướng đối đầu.', FALSE), (132, N'B. Tinh thần đấu tranh gìn giữ hòa bình của toàn nhân loại.', FALSE), (132, N'C. Các nước thuộc địa vùng lên đánh đổ hoàn toàn bọn thực dân.', FALSE), (132, N'D. Sự khác biệt về mục tiêu chiến lược của các cường quốc.', TRUE),
(133, N'A. chịu ảnh hưởng của hệ tư tưởng Mác-Lênin.', FALSE), (133, N'B. có sự tham gia của lực lượng chính trị và vũ trang.', FALSE), (133, N'C. thành công trước khi quân Đồng minh vào Đông Dương.', TRUE), (133, N'D. góp phần vào thắng lợi chung của lực lượng dân chủ.', FALSE),
(134, N'A. Diễn ra trên phạm vi rộng lớn nhưng mang tính thống nhất cao.', FALSE), (134, N'B. Xây dựng được khối liên minh công nông của toàn dân tộc.', FALSE), (134, N'C. Có mục tiêu đấu tranh chống lại các thế lực bóc lột trong xã hội.', TRUE), (134, N'D. Chú trọng tập hợp lực lượng toàn dân tộc trong đấu tranh cách mạng.', FALSE),
(135, N'A. Xác lập sự xuất hiện của khuynh hướng cứu nước mới.', FALSE), (135, N'B. Chú trọng tuyên truyền chủ nghĩa cộng sản trong mọi tầng lớp.', FALSE), (135, N'C. Thúc đẩy cuộc đấu tranh chống thực dân phong kiến phát triển.', TRUE), (135, N'D. Vận động nhân dân thế giới tham gia mặt trận đoàn kết với Việt Nam.', FALSE),
(136, N'A. Dẫn tới sự thành lập của mặt trận cứu nước mới.', FALSE), (136, N'B. Giáng đòn nặng nề vào chính sách thực dân mới.', FALSE), (136, N'C. Thành lập được chính quyền nhân dân ở nhiều địa phương.', FALSE), (136, N'D. Thúc đẩy sự phát triển của lực lượng chính trị cách mạng.', TRUE),
(137, N'A. Nguyễn Ái Quốc đã hoàn chỉnh con đường cách mạng đúng đắn cho dân tộc Việt Nam.', FALSE), (137, N'B. Giai cấp công nhân Việt Nam đã hoàn toàn trở thành một lực lượng chính trị, xã hội độc lập.', TRUE), (137, N'C. Lực lượng cộng sản đã xóa bỏ hết mâu thuẫn trong quá trình hoạt động, lãnh đạo cách mạng.', FALSE), (137, N'D. Đường lối, phương hướng chiến lược của cách mạng đã được hoàn thiện về lí luận.', FALSE),
(138, N'A. Được thành lập trên cơ sở hợp nhất các hình thức mặt trận dân tộc trước đó.', FALSE), (138, N'B. Tập hợp đông đảo quần chúng tham gia các hoạt động kiến quốc, chống thực dân.', FALSE), (138, N'C. Có chủ trương giải quyết vấn đề dân sinh dân chủ cho quần chúng nhân dân.', TRUE), (138, N'D. Có mối liên hệ mật thiết với Quốc tế cộng sản và phong trào cách mạng thế giới.', FALSE),
(139, N'A. chỉ có khuynh hướng vô sản mới có thể phát triển trong phong trào dân tộc.', FALSE), (139, N'B. các khuynh hướng cứu nước khác nhau không thể cùng tồn tại trong phong trào dân tộc.', FALSE), (139, N'C. cần có tổ chức chính trị thống nhất để đưa phong trào dân tộc dân chủ phát triển.', TRUE), (139, N'D. lập trường vô sản có ảnh hưởng lớn và đã giành được quyền lãnh đạo phong trào yêu nước.', FALSE);

-- INSERT EXAM
INSERT INTO EXAM(subjectID, accountID, examTitle, examType, examDuration, startTime, endTime, maxAttempt) VALUES
(1, 2, N'Đề ôn tập THPT 12 - Lịch Sử', 'practice', 60, '2026-04-01 00:00:00', '2026-06-30 23:59:59', 200),
(1, 2, N'Đề thi thử lần 1 - Lịch Sử', 'contest', 45, '2026-04-01 00:00:00', '2026-04-09 23:59:59', 1);

-- DEFINE EXAM_STRUCTURE
INSERT INTO EXAM_STRUCTURE (examID, totalEasy, totalMedium, totalHard) VALUES
(1, 35, 15, 5),
(2, 21, 11, 8);

-- LINKING QUESTIONS TO EXAM
INSERT INTO EXAM_QUESTION (examID, questionID, questionOrder) VALUES
(1, 1, 1), (1, 2, 2), (1, 3, 3), (1, 4, 4), (1, 5, 5),
(1, 6, 6), (1, 7, 7), (1, 8, 8), (1, 9, 9), (1, 10, 10),
(1, 11, 11), (1, 12, 12), (1, 13, 13), (1, 14, 14), (1, 15, 15),
(1, 16, 16), (1, 17, 17), (1, 18, 18), (1, 19, 19), (1, 20, 20),
(1, 21, 21), (1, 22, 22), (1, 23, 23), (1, 24, 24), (1, 25, 25),
(1, 26, 26), (1, 27, 27), (1, 28, 28), (1, 29, 29), (1, 30, 30),
(1, 31, 31), (1, 32, 32), (1, 33, 33), (1, 34, 34), (1, 35, 35),
(1, 61, 36), (1, 62, 37), (1, 63, 38), (1, 64, 39), (1, 65, 40),
(1, 66, 41), (1, 67, 42), (1, 68, 43), (1, 69, 44), (1, 70, 45),
(1, 71, 46), (1, 72, 47), (1, 73, 48), (1, 74, 49), (1, 75, 50),
(1, 90, 51), (1, 91, 52), (1, 92, 53), (1, 93, 54), (1, 94, 55);

INSERT INTO EXAM_QUESTION (examID, questionID, questionOrder) VALUES
(2, 100, 1), (2, 101, 2), (2, 102, 3), (2, 103, 4), (2, 104, 5),
(2, 105, 6), (2, 106, 7), (2, 107, 8), (2, 108, 9), (2, 109, 10),
(2, 110, 11), (2, 111, 12), (2, 112, 13), (2, 113, 14), (2, 114, 15),
(2, 115, 16), (2, 116, 17), (2, 117, 18), (2, 118, 19), (2, 119, 20),
(2, 120, 21),
(2, 121, 22), (2, 122, 23), (2, 123, 24), (2, 124, 25), (2, 125, 26),
(2, 126, 27), (2, 127, 28), (2, 128, 29), (2, 129, 30), (2, 130, 31),
(2, 131, 32),
(2, 132, 33), (2, 133, 34), (2, 134, 35), (2, 135, 36), (2, 136, 37),
(2, 137, 38), (2, 138, 39), (2, 139, 40);

-- CREATE EXAM ATTEMPT FOR 10 STUDENTS
INSERT INTO EXAM_ATTEMPT (examID, accountID, startedTime, submittedTime, submitStatus, attemptNumber) VALUES
(2, 36, '2026-04-02 08:00:00', '2026-04-02 08:35:00', 'submitted', 1),
(2, 41, '2026-04-02 08:05:00', '2026-04-02 08:45:00', 'submitted', 1),
(2, 37, '2026-04-02 08:00:00', '2026-04-02 08:40:00', 'submitted', 1),
(2, 22, '2026-04-02 08:10:00', '2026-04-02 08:45:00', 'submitted', 1),
(2, 19, '2026-04-02 08:02:00', '2026-04-02 08:42:00', 'submitted', 1),
(2, 49, '2026-04-02 08:00:00', '2026-04-02 08:38:00', 'submitted', 1),
(2, 25, '2026-04-02 08:05:00', '2026-04-02 08:45:00', 'submitted', 1),
(2, 33, '2026-04-02 08:15:00', '2026-04-02 08:45:00', 'submitted', 1),
(2, 8, '2026-04-02 08:00:00', '2026-04-02 08:30:00', 'submitted', 1),
(2, 27, '2026-04-02 08:05:00', '2026-04-02 08:40:00', 'submitted', 1);

INSERT INTO EXAM_ATTEMPT (examID, accountID, startedTime, submittedTime, submitStatus, attemptNumber) VALUES
(1, 36, '2026-04-10 08:12:00', '2026-04-10 08:55:00', 'submitted', 1),
(1, 36, '2026-04-15 09:05:00', '2026-04-15 09:50:00', 'submitted', 2),
(1, 36, '2026-05-02 07:40:00', '2026-05-02 08:25:00', 'submitted', 3),
(1, 41, '2026-05-06 14:20:00', '2026-05-06 15:05:00', 'submitted', 1),
(1, 41, '2026-06-01 10:10:00', '2026-06-01 10:55:00', 'submitted', 2),
(1, 37, '2026-04-03 08:00:00', '2026-04-03 08:45:00', 'submitted', 1),
(1, 37, '2026-04-12 08:30:00', '2026-04-12 09:20:00', 'submitted', 2),
(1, 37, '2026-05-10 09:10:00', '2026-05-10 09:55:00', 'submitted', 3),
(1, 37, '2026-06-18 07:50:00', '2026-06-18 08:35:00', 'submitted', 4),
(1, 22, '2026-04-25 16:10:00', '2026-04-25 16:55:00', 'submitted', 1),
(1, 19, '2026-05-11 07:55:00', '2026-05-11 08:40:00', 'submitted', 1),
(1, 19, '2026-06-05 08:20:00', '2026-06-05 09:05:00', 'submitted', 2),
(1, 49, '2026-06-02 10:05:00', '2026-06-02 10:50:00', 'submitted', 1),
(1, 49, '2026-06-10 09:00:00', '2026-06-10 09:45:00', 'submitted', 2),
(1, 49, '2026-06-20 11:30:00', '2026-06-20 12:20:00', 'submitted', 3),
(1, 25, '2026-04-30 13:33:00', '2026-04-30 14:18:00', 'submitted', 1),
(1, 33, '2026-05-20 18:12:00', '2026-05-20 18:55:00', 'submitted', 1),
(1, 33, '2026-06-12 17:40:00', '2026-06-12 18:30:00', 'submitted', 2),
(1, 8, '2026-06-27 11:40:00', '2026-06-27 12:25:00', 'submitted', 1),
(1, 27, '2026-04-08 15:05:00', '2026-04-08 15:50:00', 'submitted', 1),
(1, 27, '2026-05-01 16:00:00', '2026-05-01 16:45:00', 'submitted', 2);

-- SUMMARY RESULT
INSERT INTO RESULT (attemptID, totalAnswer, correctAnswer, grade) VALUES
(1, 40, 32, 8),
(2, 40, 38, 9.5),
(3, 40, 40, 10),
(4, 40, 25, 6.25),
(5, 40, 32, 8),
(6, 40, 35, 8.75),
(7, 40, 20, 5),
(8, 40, 28, 7),
(9, 40, 36, 9),
(10, 40, 39, 9.75);

INSERT INTO RESULT (attemptID, totalAnswer, correctAnswer, grade) VALUES
(11, 55, 28, 7.0),
(12, 55, 32, 8.0),
(13, 55, 36, 9.0),
(14, 55, 30, 7.5),
(15, 55, 35, 8.75),
(16, 55, 22, 5.5),
(17, 55, 27, 6.75),
(18, 55, 31, 7.75),
(19, 55, 37, 9.25),
(20, 55, 26, 6.5),
(21, 55, 24, 6.0),
(22, 55, 29, 7.25),
(23, 55, 30, 7.5),
(24, 55, 34, 8.5),
(25, 55, 38, 9.5),
(26, 55, 33, 8.25),
(27, 55, 28, 7.0),
(28, 55, 35, 8.75),
(29, 55, 31, 7.75),
(30, 55, 27, 6.75),
(31, 55, 34, 8.5);


-- CREATE DETAILED RESULT for account 36
-- contest (examID = 2)
INSERT INTO DETAILED_RESULT (resultID, questionID, answerID, isCorrect) VALUES
(1, 100, (SELECT answerID FROM ANSWER WHERE questionID = 100 AND isCorrect = TRUE LIMIT 1), TRUE),
(1, 101, (SELECT answerID FROM ANSWER WHERE questionID = 101 AND isCorrect = TRUE LIMIT 1), TRUE),
(1, 102, (SELECT answerID FROM ANSWER WHERE questionID = 102 AND isCorrect = TRUE LIMIT 1), TRUE),
(1, 103, (SELECT answerID FROM ANSWER WHERE questionID = 103 AND isCorrect = TRUE LIMIT 1), TRUE),
(1, 104, (SELECT answerID FROM ANSWER WHERE questionID = 104 AND isCorrect = TRUE LIMIT 1), TRUE),
(1, 106, (SELECT answerID FROM ANSWER WHERE questionID = 106 AND isCorrect = TRUE LIMIT 1), TRUE),
(1, 107, (SELECT answerID FROM ANSWER WHERE questionID = 107 AND isCorrect = TRUE LIMIT 1), TRUE),
(1, 108, (SELECT answerID FROM ANSWER WHERE questionID = 108 AND isCorrect = TRUE LIMIT 1), TRUE),
(1, 109, (SELECT answerID FROM ANSWER WHERE questionID = 109 AND isCorrect = TRUE LIMIT 1), TRUE),
(1, 110, (SELECT answerID FROM ANSWER WHERE questionID = 110 AND isCorrect = TRUE LIMIT 1), TRUE),
(1, 111, (SELECT answerID FROM ANSWER WHERE questionID = 111 AND isCorrect = TRUE LIMIT 1), TRUE),
(1, 113, (SELECT answerID FROM ANSWER WHERE questionID = 113 AND isCorrect = TRUE LIMIT 1), TRUE),
(1, 114, (SELECT answerID FROM ANSWER WHERE questionID = 114 AND isCorrect = TRUE LIMIT 1), TRUE),
(1, 115, (SELECT answerID FROM ANSWER WHERE questionID = 115 AND isCorrect = TRUE LIMIT 1), TRUE),
(1, 116, (SELECT answerID FROM ANSWER WHERE questionID = 116 AND isCorrect = TRUE LIMIT 1), TRUE),
(1, 117, (SELECT answerID FROM ANSWER WHERE questionID = 117 AND isCorrect = TRUE LIMIT 1), TRUE),
(1, 119, (SELECT answerID FROM ANSWER WHERE questionID = 119 AND isCorrect = TRUE LIMIT 1), TRUE),
(1, 120, (SELECT answerID FROM ANSWER WHERE questionID = 120 AND isCorrect = TRUE LIMIT 1), TRUE),
(1, 121, (SELECT answerID FROM ANSWER WHERE questionID = 121 AND isCorrect = TRUE LIMIT 1), TRUE),
(1, 122, (SELECT answerID FROM ANSWER WHERE questionID = 122 AND isCorrect = TRUE LIMIT 1), TRUE),
(1, 123, (SELECT answerID FROM ANSWER WHERE questionID = 123 AND isCorrect = TRUE LIMIT 1), TRUE),
(1, 125, (SELECT answerID FROM ANSWER WHERE questionID = 125 AND isCorrect = TRUE LIMIT 1), TRUE),
(1, 126, (SELECT answerID FROM ANSWER WHERE questionID = 126 AND isCorrect = TRUE LIMIT 1), TRUE),
(1, 127, (SELECT answerID FROM ANSWER WHERE questionID = 127 AND isCorrect = TRUE LIMIT 1), TRUE),
(1, 128, (SELECT answerID FROM ANSWER WHERE questionID = 128 AND isCorrect = TRUE LIMIT 1), TRUE),
(1, 130, (SELECT answerID FROM ANSWER WHERE questionID = 130 AND isCorrect = TRUE LIMIT 1), TRUE),
(1, 131, (SELECT answerID FROM ANSWER WHERE questionID = 131 AND isCorrect = TRUE LIMIT 1), TRUE),
(1, 132, (SELECT answerID FROM ANSWER WHERE questionID = 132 AND isCorrect = TRUE LIMIT 1), TRUE),
(1, 134, (SELECT answerID FROM ANSWER WHERE questionID = 134 AND isCorrect = TRUE LIMIT 1), TRUE),
(1, 135, (SELECT answerID FROM ANSWER WHERE questionID = 135 AND isCorrect = TRUE LIMIT 1), TRUE),
(1, 136, (SELECT answerID FROM ANSWER WHERE questionID = 136 AND isCorrect = TRUE LIMIT 1), TRUE),
(1, 138, (SELECT answerID FROM ANSWER WHERE questionID = 138 AND isCorrect = TRUE LIMIT 1), TRUE),


(1, 105, (SELECT answerID FROM ANSWER WHERE questionID = 105 AND isCorrect = FALSE LIMIT 1), FALSE),
(1, 112, (SELECT answerID FROM ANSWER WHERE questionID = 112 AND isCorrect = FALSE LIMIT 1), FALSE),
(1, 118, (SELECT answerID FROM ANSWER WHERE questionID = 118 AND isCorrect = FALSE LIMIT 1), FALSE),
(1, 124, (SELECT answerID FROM ANSWER WHERE questionID = 124 AND isCorrect = FALSE LIMIT 1), FALSE),
(1, 129, (SELECT answerID FROM ANSWER WHERE questionID = 129 AND isCorrect = FALSE LIMIT 1), FALSE),
(1, 133, (SELECT answerID FROM ANSWER WHERE questionID = 133 AND isCorrect = FALSE LIMIT 1), FALSE),
(1, 137, (SELECT answerID FROM ANSWER WHERE questionID = 137 AND isCorrect = FALSE LIMIT 1), FALSE),
(1, 139, (SELECT answerID FROM ANSWER WHERE questionID = 139 AND isCorrect = FALSE LIMIT 1), FALSE);